height,weight,gender,BMI
1.7,65,M,22.49134948096886
1.65,55,F,20.202020202020204
1.8,75,M,23.148148148148145
1.75,70,F,22.857142857142858
1.6,50,,19.531249999999996
1.68,60,M,21.258503401360546
1.72,68,F,22.985397512168742
1.66,58,F,21.04804761213529
,62,M,
1.74,72,,23.781212841854934
